{"kingster_general":{"layout":"full","boxed-layout-top-margin":"0px","body-margin":"0px","background-type":"color","background-image":"","background-image-opacity":"100","background-pattern":"pattern-1","enable-boxed-border":"disable","item-padding":"20px","container-width":"1360px","container-padding":"20px","sidebar-title-divider":"enable","sidebar-width":"20","both-sidebar-width":"15","enable-top-bar":"enable","enable-top-bar-on-mobile":"disable","top-bar-width":"boxed","top-bar-width-pixel":"1140px","top-bar-full-side-padding":"15px","top-bar-menu-position":"none","top-bar-left-text":"<a href=\"#\" style=\"margin-right: 30px;\">Documentation<\/a><a href=\"#\" style=\"margin-right: 30px;\">Help Center<\/a><a href=\"\/kingster\/homepages\/onlineschool\/contact\/\" style=\"margin-right: 30px;\">Contact<\/a>","top-bar-right-text":"","top-bar-right-button-text":"","top-bar-right-button-link":"","top-bar-right-button-target":"_blank","top-bar-top-padding":"22px","top-bar-bottom-padding":"22px","top-bar-text-size":"15px","top-bar-bottom-border":"0px","enable-top-bar-social":"enable","top-bar-social-delicious":"","top-bar-social-email":"","top-bar-social-deviantart":"","top-bar-social-digg":"","top-bar-social-facebook":"#","top-bar-social-flickr":"#","top-bar-social-google-plus":"","top-bar-social-lastfm":"","top-bar-social-linkedin":"#","top-bar-social-pinterest":"#","top-bar-social-rss":"","top-bar-social-skype":"","top-bar-social-stumbleupon":"","top-bar-social-tumblr":"","top-bar-social-twitter":"","top-bar-social-vimeo":"","top-bar-social-youtube":"","top-bar-social-instagram":"","top-bar-social-snapchat":"","header-style":"boxed","header-plain-style":"menu-right","header-plain-bottom-border":"0px","header-bar-navigation-align":"center","header-background-style":"solid","top-bar-background-opacity":"50","header-background-opacity":"50","navigation-background-opacity":"50","header-boxed-style":"center-menu","boxed-top-bar-background-opacity":"100","boxed-top-bar-background-extend":"0px","boxed-header-top-margin":"35px","header-side-style":"top-left","header-side-align":"left","header-side-toggle-style":"left","header-side-toggle-menu-type":"overlay","header-side-toggle-display-logo":"enable","header-width":"boxed","header-width-pixel":"1140px","header-full-side-padding":"15px","boxed-header-frame-radius":"5px","boxed-header-content-padding":"33px","navigation-text-top-margin":"0px","navigation-text-top-margin-boxed":"0px","navigation-text-side-spacing":"18px","navigation-left-offset":"0","navigation-slide-bar":"disable","side-header-width-pixel":"340px","side-header-side-padding":"70px","navigation-text-top-spacing":"16px","logo-right-text":"","logo-right-text-top-padding":"30px","logo":"6217","logo-top-padding":"26px","logo-bottom-padding":"29px","logo-left-padding":"","max-logo-width":"160px","mobile-logo":"6217","max-mobile-logo-width":"120px","mobile-logo-position":"logo-left","main-navigation-top-padding":"38px","main-navigation-bottom-padding":"38px","main-navigation-item-right-padding":"0px","main-navigation-right-padding":"","enable-main-navigation-submenu-indicator":"disable","navigation-right-top-margin":"0px","enable-main-navigation-search":"enable","enable-main-navigation-cart":"disable","enable-main-navigation-right-button":"disable","main-navigation-right-button-style":"default","main-navigation-right-button-text":"Buy Now","main-navigation-right-button-link":"","main-navigation-right-button-link-target":"_self","right-menu-type":"right","right-menu-style":"hamburger","enable-main-navigation-sticky":"enable","enable-logo-on-main-navigation-sticky":"enable","fixed-navigation-bar-logo":"","fixed-navigation-max-logo-width":"120px","fixed-navigation-logo-top-padding":"23px","fixed-navigation-logo-bottom-padding":"20px","fixed-navigation-top-padding":"30px","fixed-navigation-bottom-padding":"25px","fixed-navigation-anchor-offset":"75px","enable-mobile-navigation-sticky":"enable","default-title-style":"custom","default-title-align":"center","default-title-top-padding":"128px","default-title-bottom-padding":"127px","default-page-caption-top-margin":"20px","default-title-font-transform":"none","default-title-font-size":"45px","default-title-font-weight":"600","default-title-letter-spacing":"0px","default-caption-font-transform":"none","default-caption-font-size":"20px","default-caption-font-weight":"500","default-caption-letter-spacing":"0px","default-title-background-overlay-opacity":"0","default-title-background":"6809","default-portfolio-title-background":"","default-personnel-title-background":"","default-search-title-background":"","default-archive-title-background":"","default-404-background":"","default-404-background-opacity":"27","default-blog-title-style":"small","default-blog-title-top-padding":"93px","default-blog-title-bottom-padding":"87px","default-blog-feature-image":"content","default-blog-title-background-image":"5491","default-blog-top-bottom-gradient":"enable","single-blog-title-top-gradient-size":"242px","single-blog-title-bottom-gradient-size":"333px","default-blog-title-background-overlay-opacity":"25","blog-style":"style-1","blockquote-style":"style-1","blog-sidebar":"none","blog-sidebar-left":"gdlr-core-sidebar-preset","blog-sidebar-right":"gdlr-core-sidebar-preset","blog-max-content-width":"900px","blog-thumbnail-size":"full","blog-date-feature":"enable","blog-date-feature-year":"disable","meta-option":["author","category","tag","comment-number"],"blog-author":"enable","blog-navigation":"enable","pagination-style":"round","pagination-align":"right","enable-related-post":"enable","related-post-blog-style":"blog-column-with-frame","related-post-blog-column-style":"style-1","related-post-column-size":"20","related-post-meta-option":["date","author","category","comment-number"],"related-post-thumbnail-size":"full","related-post-num-fetch":"3","related-post-excerpt-number":"0","blog-social-share":"enable","blog-social-share-count":"enable","blog-social-facebook":"enable","blog-social-linkedin":"enable","blog-social-google-plus":"disable","blog-social-pinterest":"enable","blog-social-stumbleupon":"disable","blog-social-twitter":"enable","blog-social-email":"disable","archive-blog-sidebar":"right","archive-blog-sidebar-left":"gdlr-core-sidebar-preset","archive-blog-sidebar-right":"gdlr-core-sidebar-preset","archive-blog-style":"blog-full","archive-blog-full-style":"style-1","archive-blog-side-thumbnail-style":"style-1","archive-blog-column-style":"style-1","archive-blog-image-style":"style-1","archive-blog-full-alignment":"left","archive-thumbnail-size":"full","archive-show-thumbnail":"enable","archive-column-size":"20","archive-excerpt":"specify-number","archive-excerpt-number":"55","archive-date-feature":"enable","archive-meta-option":["date","author","category"],"archive-show-read-more":"enable","archive-blog-title-font-size":"","archive-blog-title-font-weight":"","archive-blog-title-letter-spacing":"","archive-blog-title-text-transform":"none","woocommerce-archive-sidebar":"right","woocommerce-archive-sidebar-left":"gdlr-core-sidebar-preset","woocommerce-archive-sidebar-right":"shop","woocommerce-archive-column-size":"30","woocommerce-archive-thumbnail":"Portfolio Thumbnail Portrait 2","woocommerce-related-product-column-size":"20","woocommerce-related-product-num-fetch":"8","woocommerce-related-product-thumbnail":"Portfolio Thumbnail Portrait","portfolio-slug":"portfolio","portfolio-category-slug":"portfolio_category","portfolio-tag-slug":"portfolio_tag","enable-single-portfolio-navigation":"enable","enable-single-portfolio-navigation-in-same-tag":"enable","portfolio-icon-hover-link":"icon_link_alt","portfolio-icon-hover-video":"icon_film","portfolio-icon-hover-image":"arrow_expand","portfolio-icon-hover-size":"22px","enable-related-portfolio":"enable","related-portfolio-style":"grid","related-portfolio-column-size":"15","related-portfolio-num-fetch":"4","related-portfolio-thumbnail-size":"medium","related-portfolio-num-excerpt":"20","archive-portfolio-sidebar":"none","archive-portfolio-sidebar-left":"gdlr-core-sidebar-preset","archive-portfolio-sidebar-right":"gdlr-core-sidebar-preset","archive-portfolio-style":"medium","archive-portfolio-thumbnail-size":"full","archive-portfolio-grid-text-align":"left","archive-portfolio-grid-style":"normal","archive-enable-portfolio-tag":"enable","archive-portfolio-medium-size":"small","archive-portfolio-medium-style":"switch","archive-portfolio-hover":"icon","archive-portfolio-column-size":"20","archive-portfolio-excerpt":"specify-number","archive-portfolio-excerpt-number":"55","personnel-slug":"personnel","personnel-category-slug":"personnel_category","fixed-footer":"disable","enable-footer":"enable","footer-background":"","enable-footer-column-divider":"disable","footer-top-padding":"70px","footer-bottom-padding":"50px","footer-style":"footer-2","enable-copyright":"enable","copyright-style":"left-right","copyright-top-padding":"33px","copyright-bottom-padding":"33px","copyright-text":"","copyright-left":"Copyright All Right Reserved 2018, GoodLayers","copyright-right":"[gdlr_core_social_network facebook=\"#\" twitter=\"#\" linkedin=\"#\" instagram=\"#\" \n]","enable-back-to-top":"disable","enable-breadcrumbs":"disable","breadcrumbs-top-padding":"25px","breadcrumbs-bottom-padding":"25px","enable-default-title-background":"enable","header-plain-bottom-shadow":"enable","page-title-top-bottom-gradient":"none","page-title-top-gradient-size":"413px","page-title-bottom-gradient-size":"413px","course-search-page":"5926","course-search-num-fetch":"9","course-search-info":["department","campus","level","instructor","semester","credit","method"],"course-search-title-color":"#ffffff","course-search-frame-background":"6022","default-event-title-background":"","default-event-sidebar":"right","default-event-sidebar-left":"gdlr-core-sidebar-preset","default-event-sidebar-right":"single-event","course-search-item-fields":["keywords","course-id","department","campus","level","instructor","semester","credit","method"],"max-tablet-logo-width":"","enable-footer-divider":"disable"},"kingster_typography":{"heading-font":"Jost","navigation-font":"Jost","content-font":"Jost","info-font":"Jost","blog-info-font":"Jost","quote-font":"Montserrat","testimonial-font":"Jost","additional-font":"Georgia, serif","additional-font2":"Georgia, serif","h1-font-size":"52px","h2-font-size":"48px","h3-font-size":"36px","h4-font-size":"28px","h5-font-size":"22px","h6-font-size":"18px","header-font-weight":"","content-font-size":"17px","content-font-weight":"","content-line-height":"1.7","mobile-h1-font-size":"","mobile-h2-font-size":"","mobile-h3-font-size":"","mobile-h4-font-size":"","mobile-h5-font-size":"","mobile-h6-font-size":"","mobile-content-font-size":"","navigation-font-size":"13px","navigation-font-weight":"500","navigation-font-letter-spacing":"2","navigation-text-transform":"uppercase","navigation-right-button-font-size":"11px","navigation-right-button-font-weight":"","navigation-right-button-font-letter-spacing":"","navigation-right-button-text-transform":"uppercase","sidebar-title-font-size":"18px","sidebar-title-font-weight":"500","sidebar-title-font-letter-spacing":"0px","sidebar-title-text-transform":"none","footer-title-font-size":"20px","footer-title-font-weight":"400","footer-title-font-letter-spacing":"0px","footer-title-text-transform":"none","footer-font-size":"16px","footer-content-font-weight":"","footer-content-text-transform":"none","copyright-font-size":"15px","copyright-font-weight":"400","copyright-font-letter-spacing":"0px","copyright-text-transform":"none","font-upload":""},"kingster_color":{"header-background-color":"#ffffff","top-cart-background-color":"#232323","top-cart-checkout-color":"#0082fa","secondary-menu-icon-color":"#333333","secondary-menu-border-color":"#333333","main-menu-text-hover-color":"#0082fa","sub-menu-background-color":"#eeeeee","navigation-bar-right-icon-color":"#192f59","main-menu-text-color":"#163269","woocommerce-theme-color":"#0082fa","woocommerce-price-color":"#707070","woocommerce-button-background-hover-color":"#0082fa","add-to-cart-background-color":"#0082fa","widget-price-filter-range-color":"#0082fa","widget-price-filter-handle-color":"#0082fa","top-bar-social-hover-color":"#0082fa","navigation-slide-bar-color":"#0082fa","woocommerce-cart-icon-number-background":"#0082fa","woocommerce-cart-icon-number-color":"#ffffff","top-bar-background-color":"#1c2a44","top-bar-bottom-border-color":"#ffffff","top-bar-text-color":"#ffffff","top-bar-link-color":"#ffffff","top-bar-link-hover-color":"#b1c9dd","top-bar-social-color":"#ffffff","header-plain-bottom-border-color":"#e8e8e8","logo-background-color":"#ffffff","search-overlay-background-color":"#000000","top-cart-text-color":"#b5b5b5","top-cart-view-cart-color":"#ffffff","breadcrumbs-text-color":"#a0a0a0","breadcrumbs-text-active-color":"#0082fa","navigation-bar-background-color":"#f4f4f4","navigation-bar-top-border-color":"#e8e8e8","sub-menu-text-color":"#585858","sub-menu-text-hover-color":"#0082fa","sub-menu-text-hover-background-color":"#eeeeee","sub-mega-menu-title-color":"#192f59","sub-mega-menu-divider-color":"#dddddd","side-menu-text-color":"#979797","side-menu-text-hover-color":"#ffffff","side-menu-background-color":"#1f1f1f","side-menu-border-color":"#626262","overlay-menu-background-color":"#000000","overlay-menu-border-color":"#424242","overlay-menu-text-color":"#ffffff","overlay-menu-text-hover-color":"#a8a8a8","anchor-bullet-background-color":"#777777","anchor-bullet-background-active-color":"#ffffff","navigation-right-text-color":"#ffffff","navigation-right-button-text-color":"#333333","navigation-right-button-text-hover-color":"#555555","navigation-right-button-background-color":"#192f59","navigation-right-button-background-hover-color":"#1c4c72","navigation-right-button-border-color":"#333333","navigation-right-button-border-hover-color":"#555555","page-preload-background-color":"#ffffff","body-background-color":"#ffffff","container-background-color":"#ffffff","page-title-color":"#ffffff","page-caption-color":"#ffffff","page-title-background-overlay-color":"#1c1c1c","body-content-color":"#6b6b6b","heading-color":"#161616","link-color":"#545454","link-hover-color":"#0082fa","divider-color":"#e6e6e6","input-box-background-color":"#ffffff","input-box-border-color":"#d7d7d7","input-box-text-color":"#4e4e4e","input-box-placeholder-color":"#5e5e5e","404-content-background-color":"#23618e","404-head-color":"#ffffff","404-title-color":"#ffffff","404-caption-color":"#c3e7ff","404-input-background-color":"#000000","404-input-text-color":"#ffffff","404-back-to-home-color":"#ffffff","sidebar-title-color":"#383838","sidebar-link-color":"#475267","sidebar-link-hover-color":"#191919","recent-post-widget-info-icon-color":"#9c9c9c","recent-post-widget-info-link-color":"#a0a0a0","post-slider-widget-title-color":"#ffffff","post-slider-widget-info-color":"#9c9c9c","search-box-text-color":"#5e5e5e","search-box-border-color":"#0082fa","search-box-icon-color":"#c7c7c7","twitter-widget-icon-color":"#303030","twitter-widget-date-color":"#b5b5b5","custom-menu-widget-list-style-link":"#475267","custom-menu-widget-list-style-link-hover":"#334c7a","custom-menu-widget-list-style-border":"#475267","footer-background-color":"#1c2a44","footer-title-color":"#ffffff","footer-content-color":"#dddddd","footer-link-color":"#ffffff","footer-link-hover-color":"#8dd7e5","footer-divider-color":"#3f4f6d","copyright-background-color":"#1c2a44","copyright-text-color":"#6b7a90","copyright-link-color":"#adb9ca","copyright-link-hover-color":"#ffffff","back-to-top-background-color":"#dbdbdb","back-to-top-text-color":"#313131","single-blog-title-color":"#ffffff","single-blog-info-color":"#ffffff","single-blog-date-day-color":"#ffffff","single-blog-date-month-color":"#b1b1b1","single-blog-divider-color":"#ffffff","single-blog-title-background-overlay-color":"#000000","single-blog-author-title-color":"#464646","single-blog-author-caption-color":"#b1b1b1","single-blog-style-2-tags-color":"#0082fa","single-blog-navigation-color":"#a5a5a5","single-blog-navigation2-left-overlay":"#0082fa","single-blog-navigation2-overlay":"#0082fa","single-blog-2-related-post-background":"#f5f5f5","single-blog-magazine-tags-text":"#272727","single-blog-magazine-tags-background":"#f2f2f2","single-blog-magazine-author-background":"#f7f7f7","single-blog-comment-title-color":"#464646","single-blog-comment-background-color":"#ffffff","single-blog-comment-reply-color":"#bcbcbc","single-blog-comment-time-color":"#b1b1b1","blog-title-color":"#444444","blog-title-hover-color":"#0082fa","blog-sticky-banner-color":"#444444","blog-sticky-banner-background":"#f3f3f3","blog-info-color":"#959595","blog-date-day-color":"#353535","blog-date-month-color":"#8a8a8a","blog-frame-background-color":"#ffffff","blog-modern-hover-background-color":"#000","blog-thumbnail-category-background":"#0082fa","blog-modern-text-color":"#ffffff","blog-aside-background-color":"#0082fa","blog-aside-text-color":"#ffffff","pagination-background-color":"#f0f0f0","pagination-text-color":"#919191","pagination-background-hover-color":"#0082fa","pagination-text-hover-color":"#ffffff","pagination-plain-color":"#b4b4b4","pagination-plain-hover-color":"#424242","single-portfolio-nav-color":"#828282","portfolio-frame-background-color":"#ffffff","portfolio-title-color":"#191919","portfolio-title-hover-color":"","portfolio-info-head-color":"#343434","portfolio-info-color":"#b1b1b1","portfolio-grid2-tag-background":"#0082fa","portfolio-badge-text-color":"#0a0a0a","portfolio-badge-background-color":"#0082fa","portfolio-thumbnail-title-color":"#ffffff","portfolio-thumbnail-info-color":"#cecece","portfolio-text-filter-color":"#aaaaaa","portfolio-text-filter-active-color":"#161616","portfolio-button-filter-text-color":"#838383","portfolio-button-filter-background-color":"#f1f1f1","portfolio-button-filter-text-active-color":"#191919","portfolio-button-filter-background-active-color":"#0082fa","price-table-background-color":"#ffffff","price-table-head-color":"#3e3e3e","price-table-head-top-gradient-color":"#3e3e3e","price-table-icon-color":"#ffffff","price-table-title-color":"#0082fa","price-table-caption-color":"#ffffff","price-table-price-background-color":"#f6f6f6","price-table-price-color":"#323232","price-table-price-suffix-color":"#191919","price-table-price-button-color":"#ffffff","price-table-button-background-color":"#383838","price-table-button-background-top-gradient-color":"#383838","price-table-list-border-color":"#e5e5e5","price-table-active-head-color":"#0082fa","price-table-active-head-top-gradient-color":"#0082fa","price-table-active-icon-color":"#ffffff","price-table-active-title-color":"#ffffff","price-table-active-caption-color":"#57abf9","price-table-active-price-background-color":"#f6f6f6","price-table-active-price-color":"#323232","price-table-active-price-suffix-color":"#191919","price-table-active-price-button-color":"#ffffff","price-table-active-button-background-color":"#0082fa","price-table-active-button-background-top-gradient-color":"#3199f9","accordion-normal-icon-color":"#0082fa","accordion-normal-title-head-color":"#0082fa","accordion-normal-title-color":"#0082fa","accordion-normal-icon-background-color":"#f3f3f3","accordion-icon-color":"#0082fa","accordion-title-head-color":"#0082fa","accordion-title-color":"#0082fa","accordion-title-background-color":"#f3f3f3","accordion-icon-active-color":"#ffffff","accordion-title-active-color":"#ffffff","accordion-title-background-active-color":"#0082fa","audio-background-color":"#e7e7e7","audio-text-color":"#202020","audio-content-background-color":"#afafaf","audio-content-progress-color":"#0082fa","audio-volume-background-color":"#afafaf","audio-volume-progress-color":"#646464","alert-box-item-background-color":"#ef5e68","alert-box-item-border-color":"#cd515a","alert-box-item-content-color":"#ffffff","alert-box-item-title-color":"#ffffff","blockquote-text-color":"#777777","blockquote-background-color":"#f5f5f5","blockquote-border-color":"#e2e2e2","blockquote-item-icon-color":"#0082fa","blockquote-item-content-color":"#2d2d2d","button-text-color":"#ffffff","button-text-hover-color":"#ffffff","button-background-color":"#0082fa","button-background-hover-color":"#2F2F2F","button-border-color":"#383838","button-border-hover-color":"#000000","button-gradient-background-color":"#0082fa","button-top-gradient-background-color":"#45a2f9","call-to-action-title-color":"#2c2c2c","call-to-action-caption-color":"#535353","counter-item-top-text-color":"#828282","counter-item-top-icon-color":"#393939","counter-item-number-color":"#393939","counter-item-divider-color":"#393939","counter-item-bottom-text-color":"#393939","column-service-icon-color":"#9d9d9d","column-service-icon-background":"#f3f3f3","column-service-title-color":"#383838","column-service-caption-color":"#747474","dropdown-tab-head-background":"#0082fa","dropdown-tab-head-text":"#252525","flipbox-background-color":"#0082fa","flipbox-border-color":"#2881e0","flipbox-icon-color":"#ffffff","flipbox-title-color":"#ffffff","flipbox-caption-color":"#ffffff","flipbox-content-color":"#ffffff","gallery-overlay-title":"#ffffff","gallery-overlay-caption":"#cecece","image-overlay-background-color":"#000000","image-overlay-icon-color":"#ffffff","image-overlay-icon-background":"#ffffff","image-item-border-color":"#000000","item-title-color":"#343434","item-title-caption-color":"#747474","item-title-link-color":"#747474","icon-list-item-icon-color":"#222222","icon-list-item-icon-background-color":"#f3f3f3","opening-hour-day-color":"#a5a5a5","opening-hour-open-color":"#262626","opening-hour-close-color":"#c8c8c8","opening-hour-icon-color":"#8a8989","opening-hour-divider-color":"#a6a6a6","personnel-grid-title-color":"#192f59","personnel-grid-position-color":"#7a7a7a","personnel-grid-divider-color":"#cecece","personnel-grid-frame-color":"#ffffff","personnel-modern-title-color":"#ffffff","personnel-modern-position-color":"#ffffff","promo-box-item-title-color":"#383838","promo-box-content-border-color":"#e8e7e7","post-slider-title-color":"#ffffff","post-slider-info-color":"#c5c5c5","roadmap-title-color":"#8fc9a2","roadmap-title-active-color":"#ffffff","roadmap-caption-color":"#89c49e","roadmap-number-text":"#c5c5c5","roadmap-number-background":"#0082fa","roadmap-number-active-text":"#0082fa","roadmap-number-active-background":"#ffffff","roadmap-number-divider":"#ffffff","roadmap-content-title":"#ffffff","roadmap-content-caption":"#79af8f","roadmap-content-color":"#82af96","skill-bar-title-color":"#505050","skill-bar-icon-color":"#616161","skill-bar-background-color":"#f3f3f3","skill-bar-progress-color":"#0082fa","slider-outer-navigation-color":"#0c0c0c","slider-outer-navigation-background-color":"#f1f1f1","slider-control-navigation-color":"#8a8a8a","slider-control-navigation-background-color":"#dfdfdf","social-share-icon-color":"#202020","social-share-divider-color":"#e5e5e5","social-share-text-color":"#202020","stunning-text-title-color":"#747474","stunning-text-caption-color":"#383838","tab-title-color":"#8d8d8d","tab-title-background-color":"#f7f7f7","tab-title-border-color":"#ebebeb","tab-title-hover-bar-color":"#3db166","tab-title-active-color":"#464646","tab-title-active-background-color":"#ffffff","table-head-background-color":"#0082fa","table-head-text-color":"#ffffff","table-odd-background-color":"#f9f9f9","table-odd-text-color":"#949494","table-even-background":"#f3f3f3","table-even-text":"#949494","testimonial-title-color":"#232323","testimonial-content-color":"#707070","testimonial-author-color":"#3b3b3b","testimonial-rating-color":"#ffa127","testimonial-position-color":"#3b3b3b","testimonial-quote-color":"#0082fa","title-item-title-color":"#161616","title-item-caption-color":"#747474","woocommerce-price-linethrough-color":"#949494","woocommerce-button-text-color":"#ffffff","woocommerce-button-text-hover-color":"#ffffff","woocommerce-input-background-color":"#f3f3f3","product-item-title-color":"#191919","product-item-title-hover-color":"#434343","view-detail-text-color":"#ffffff","view-detail-background-color":"#000000","add-to-cart-text-color":"#ffffff","widget-price-filter-bar-background-color":"#e6e6e6","skin":[{"name":"White Text","title":"#ffffff","title-hover":"","caption":"#ffffff","content":"#ffffff","icon":"#ffffff","link":"#0082fa","link-hover":"#0082fa","divider":"","border":"","element-background":"#111111","element-content":"","carousel-bullet-background":"","carousel-bullet-active-background":"","button-text":"","button-text-hover":"","button-background":"","button-background-hover":"","button-border-color":"","button-border-hover-color":""},{"name":"Black Text","title":"#000000","title-hover":"","caption":"","content":"#000000","icon":"#0a0a0a","link":"","link-hover":"","divider":"","border":"","element-background":"","element-content":"","carousel-bullet-background":"","carousel-bullet-active-background":"","button-text":"","button-text-hover":"","button-background":"","button-background-hover":"","button-border-color":"","button-border-hover-color":""},{"name":"Newsletter","title":"","title-hover":"","caption":"","content":"","icon":"","link":"","link-hover":"","divider":"","border":"#1a2742","element-background":"#1a2742","element-content":"#94a8d1","carousel-bullet-background":"","carousel-bullet-active-background":"","button-text":"","button-text-hover":"","button-background":"","button-background-hover":"","button-border-color":"","button-border-hover-color":""},{"name":"Blue Title","title":"#192f59","title-hover":"","caption":"#b7b7b7","content":"#163269","icon":"#163269","link":"","link-hover":"","divider":"","border":"","element-background":"","element-content":"","carousel-bullet-background":"","carousel-bullet-active-background":"","button-text":"","button-text-hover":"","button-background":"","button-background-hover":"","button-border-color":"","button-border-hover-color":""},{"name":"Column Service","title":"#ffffff","title-hover":"","caption":"","content":"#d4e1fa","icon":"","link":"#3db166","link-hover":"#ffffff","divider":"","border":"","element-background":"","element-content":"","carousel-bullet-background":"","carousel-bullet-active-background":"","button-text":"","button-text-hover":"","button-background":"","button-background-hover":"","button-border-color":"","button-border-hover-color":""},{"name":"Blut Title Column Service","title":"#192f59","title-hover":"","caption":"","content":"#545454","icon":"","link":"","link-hover":"","divider":"","border":"","element-background":"","element-content":"","carousel-bullet-background":"","carousel-bullet-active-background":"","button-text":"","button-text-hover":"","button-background":"","button-background-hover":"","button-border-color":"","button-border-hover-color":""},{"name":"Green Title","title":"#3db166","title-hover":"","caption":"","content":"#707070","icon":"","link":"","link-hover":"","divider":"","border":"","element-background":"","element-content":"","carousel-bullet-background":"","carousel-bullet-active-background":"","button-text":"","button-text-hover":"","button-background":"","button-background-hover":"","button-border-color":"","button-border-hover-color":""},{"name":"Green Form","title":"","title-hover":"","caption":"","content":"","icon":"","link":"","link-hover":"","divider":"","border":"#3db166","element-background":"","element-content":"","carousel-bullet-background":"","carousel-bullet-active-background":"","button-text":"","button-text-hover":"","button-background":"","button-background-hover":"","button-border-color":"","button-border-hover-color":""},{"name":"Personnel","title":"#192f59","title-hover":"","caption":"#7c7c7c","content":"","icon":"","link":"#192f59","link-hover":"","divider":"","border":"","element-background":"","element-content":"","carousel-bullet-background":"","carousel-bullet-active-background":"","button-text":"#ffffff","button-text-hover":"","button-background":"","button-background-hover":"","button-border-color":"","button-border-hover-color":""},{"name":"Column White","title":"#ffffff","title-hover":"","caption":"#a6a6a6","content":"#a8a8a8","icon":"","link":"#3db166","link-hover":"#ffffff","divider":"","border":"","element-background":"","element-content":"","carousel-bullet-background":"","carousel-bullet-active-background":"","button-text":"","button-text-hover":"","button-background":"","button-background-hover":"","button-border-color":"","button-border-hover-color":""},{"name":"Newsletter HP 2","title":"","title-hover":"","caption":"","content":"","icon":"","link":"","link-hover":"","divider":"","border":"#2f4773","element-background":"#2f4773","element-content":"#c1c1c1","carousel-bullet-background":"","carousel-bullet-active-background":"","button-text":"","button-text-hover":"","button-background":"#2ed47d","button-background-hover":"#69d39c","button-border-color":"","button-border-hover-color":""},{"name":"White Title","title":"#ffffff","title-hover":"","caption":"#c1c1c1","content":"","icon":"","link":"","link-hover":"","divider":"","border":"","element-background":"","element-content":"","carousel-bullet-background":"","carousel-bullet-active-background":"","button-text":"","button-text-hover":"","button-background":"","button-background-hover":"","button-border-color":"","button-border-hover-color":""},{"name":"Blog Hp","title":"#262626","title-hover":"#0082fa","caption":"","content":"","icon":"","link":"#262626","link-hover":"#0082fa","divider":"","border":"#0082fa","element-background":"","element-content":"","carousel-bullet-background":"","carousel-bullet-active-background":"","button-text":"","button-text-hover":"","button-background":"","button-background-hover":"","button-border-color":"","button-border-hover-color":""},{"name":"Hp Course","title":"","title-hover":"","caption":"","content":"","icon":"","link":"","link-hover":"","divider":"","border":"","element-background":"#ffffff","element-content":"","carousel-bullet-background":"#7abaf5","carousel-bullet-active-background":"#0082fa","button-text":"","button-text-hover":"","button-background":"","button-background-hover":"","button-border-color":"","button-border-hover-color":""}],"blog-grid-divider-color":"#ffd115","tag-cloud-text-color":"#ffffff","tag-cloud-background-color":"#0082fa","tag-cloud-border-color":"#0082fa","single-blog-title-background-gradient-color":"#000","sidebar-title-background-color":"#ededed","sidebar-title-bottom-border-color":"#0082fa","sidebar-border-color":"#0082fa","tab-image-icon-color":"#0082fa","tab-content-color":"#8c8c8c","tab-content-background-color":"#ffffff","footer-title-divider-color":"#ffffff","page-title-background-gradient-color":"#000","video-widget-icon-background":"#0082fa","personnel-position-color":"#4c4c4c","personnel-grid-frame-border-color":"#0082fa","page-title-background-gradient-max-opacity":"1","single-blog-title-background-gradient-max-opacity":"1","course-list-title-color":"#6b6b6b","course-list-id-color":"#3db166","course-list-info-background-color":"#f2f2f2","course-list-info-title-color":"#3e3e3e","course-list-info-id-color":"#3db166","course-list-info-info-color":"#6b6b6b","course-list-info-button-color":"#50bd77","course-search-input-background":"#3b4b6b","course-search-input-text":"#b1c0e0","course-search-submit-button-background":"#50bd77","course-list-title-hover-color":"#3db166","event-item-date-color":"#50bd77","event-item-month-color":"#152647","event-item-title-color":"#182847","event-item-info-color":"#50bd77","top-bar-right-button-background-color":"#0082fa","course-grid-content-background":"#ffffff","wpml-language-selector-dropdown-text":"#d5deee","wpml-language-selector-dropdown-border":"#6a768f"},"kingster_plugin":{"enable-srcset":"enable","lightbox":"lightGallery","ilightbox-skin":"dark","link-to-lightbox":"enable","lightbox-video-autoplay":"enable","additional-css":"\/*only this theme*\/\n.gdlr-core-testimonial-item .gdlr-core-testimonial-author-image {\n    width: 75px;\n}\n.gdlr-core-rating i.fa.fa-star {\n    margin: 2px;\n}\n*\/","additional-mobile-css":"","additional-head-script":"","additional-head-script2":"","additional-script":"","enable-maintenance":"disable","maintenance-page":"4348","enable-preload":"disable","preload-image":"","thumbnail-sizing":[{"name":"Personnel Thumbnail","width":"700","height":"500","hard-crop":""},{"name":"Portfolio Thumbnail","width":"700","height":"450","hard-crop":""},{"name":"Portfolio Thumbnail Portrait","width":"700","height":"660","hard-crop":""},{"name":"Portfolio Thumbnail Portrait 2","width":"600","height":"800","hard-crop":""},{"name":"Large Landscape","width":"1280","height":"580","hard-crop":""},{"name":"Large Landscape 2","width":"1550","height":"700","hard-crop":""},{"name":"Portfolio Side Description Large","width":"900","height":"500","hard-crop":""},{"name":"Blog Full Thumbnail","width":"1100","height":"490","hard-crop":""},{"name":"Blog Column Thumbnail","width":"700","height":"430","hard-crop":""},{"name":"Personnel Thumbnail 2","width":"550","height":"500","hard-crop":""},{"name":"Large Landscape 3","width":"1500","height":"1000","hard-crop":""},{"name":"Personnel Thumbnail","width":"700","height":"935","hard-crop":""},{"name":"Personnel Square","width":"500","height":"500","hard-crop":""},{"name":"Gallery Portrait","width":"495","height":"600","hard-crop":""},{"name":"Single Major","width":"1000","height":"365","hard-crop":""}],"disable-cookie-youtube":"disable","privacy-cookie-time":"30","privacy-notification-position":"bottom-bar","privacy-box-button-color":"#1a49a8","privacy-form-logo":"","privacy-form-input-button-color":"#1a49a8","privacy-form-save-button-color":"#1a49a8","consent-item":"","font-icon":["font-awesome","fa5","elegant-font","ionicons","simpleline"]},"kingster_lp":{"course-lesson-content-max-width":"900px","enable-single-course-related":"course_tag","single-course-related-view-all":"","single-course-related-num-fetch":"3","single-course-related-column-size":"20","single-course-related-thumbnail-size":"full","enable-bottom-subscription":"enable","bottom-subscription-background":"6869","bottom-subscription-text-title":"","bottom-subscription-text-caption":"","course-list-thumbnail-size":"full","theme-color":"#3495fb","sub-button-gray-background-color":"#ededed","sub-button-gray-text-color":"#262626","failed-color":"#f63434","finish-complete-label-color":"#eabd53","rating-color":"#eebc25","popup-background-color":"#f7f7f7","popoup-close-button-color":"#a8a8a8","profile-header-color":"#222","profile-nav-text-color":"#6e6e6e","profile-nav-background-color":"#f5f5f5","profile-nav-active-background-color":"#fbfbfb","profile-logout-color":"#a4a4a4","profile-tab-text-color":"#696969","profile-form-label-color":"#292929","profile-form-input-color":"#969696","profile-form-input-border-color":"#e7e7e7","profile-table-summary-text-color":"#a0a0a0","course-progress-bar-background-color":"#e1e1e1","course-progress-bar-filled-background-color":"#0082fa","course-price-text-color":"#222","course-orignal-price-text-color":"#b1b1b1","enrolled-background-color":"#2ed47d","course-tab-head-text-color":"#777","course-rating-summary-background-color":"#f7f7f7","course-rating-summary-rating-color":"#454545","course-rating-summary-rating-amount-color":"#696969","course-nav-text-color":"#222222","course-nav-hover-border-color":"#c5c5c5","course-nav-title-color":"#aeaeae","checkout-payment-method-background-color":"#f4f4f4","checkout-payment-method-selected-background-color":"#f2f8ff","order-summary-background-color":"#f3f3f3","order-summary-text-color":"#787878","course-bottom-subscription-background":"#1c2a44","course-bottom-subscription-title":"#ffffff","course-bottom-subscription-caption":"#ffffff","course-bottom-subscription-input-background":"#2f4773","course-bottom-subscription-input-text":"#c1c1c1","course-bottom-subscription-button-background":"#2ed47d","quiz-progress-background-color":"#f5f5f5","quiz-progress-label-color":"#696969","quiz-answer-option-background-color":"#f5f5f5","quiz-answer-option-background-hover-color":"#ecf5ff","quiz-answer-option-border-color":"#e6e6e6","quiz-answer-option-text-color":"#696969","quiz-skip-button-background-color":"#ededed","quiz-skip-button-background-text-color":"#999","display-single-course-info":"disable","enable-navigation-course-search":"enable","navigation-course-search-top-margin":"-18px","navigation-course-search-background":"#f5f5f5","navigation-course-search-text":"#748494","enable-single-course-social-share":"enable","course-preview-badge-color":"#00adff","course-question-badge-color":"#d1988b","course-question-badge-background":"#ffe5e0","course-failed-icon-color":"#feb5b6","course-share-text-color":"#969696","course-share-hover-color":"#00d65c","course-curriculum-border-color":"#e7e7e7","course-curriculum-active-background-color":"#f8faff","course-curriculum-title-color":"#222","course-curriculum-lecture-number-color":"#a1a1a1","lp-course-search-input-background":"#f2f2f2","lp-course-search-input-text":"#777","lp-course-search-input-text-placeholder":"#bbb","lp-course-search-submit-background":"#2ed47d","lp-course-item-title-color":"#1e1e1e","lp-course-orignal-price-text-color":"#b1b1b1","lp-course-item-title-hover-color":"#545454"}}